rafa@mail.com,Rafa,rafa@mail.com
vitorsilva@mail.com,Beneli,vitorsilva@mail.com
diogocapela@mail.com,Capela,diogocapela@mail.com
teresa@mail.com,Teresa,teresa@mail.com
filipe@mail.com,Filipe,filipe@mail.com
rui@mail.com,Rui,rui@mail.com